<?xml version="1.0" encoding="UTF-8"?>
<!DOCTYPE fontscolors PUBLIC "-//NetBeans//DTD Editor Fonts and Colors settings 1.1//EN" "http://www.netbeans.org/dtds/EditorFontsColors-1_1.dtd">
<fontscolors>
    <fontcolor foreColor="fff8f8f0" name="caret-color-insert-mode"/>
    <fontcolor foreColor="ff49483e" name="indent-guide-lines"/>
    <fontcolor bgColor="darkGray" name="readonly-files"/>
    <fontcolor foreColor="ffae81ff" name="char"/>
    <fontcolor foreColor="fff8f8f0" name="caret-color-overwrite-mode"/>
    <fontcolor foreColor="ffcc0099" name="synchronized-text-blocks-ext"/>
    <fontcolor bgColor="fffd971f" foreColor="ff272822" name="highlight-search"/>
    <fontcolor foreColor="gray" name="unused" waveUnderlined="pink"/>
    <fontcolor bgColor="ff8b0807" name="nbeditor-bracesMatching-mismatch"/>
    <fontcolor foreColor="ff75715e" name="code-folding"/>
    <fontcolor foreColor="ffae81ff" name="static"/>
    <fontcolor foreColor="fffd971f" name="method-parameter">
        <font style="italic"/>
    </fontcolor>
    <fontcolor foreColor="fffd971f" name="nbeditor-bracesMatching-match-multichar"/>
    <fontcolor bgColor="black" name="whitespace"/>
    <fontcolor name="class"/>
    <fontcolor name="enum"/>
    <fontcolor foreColor="ff90908a" name="number"/>
    <fontcolor name="highlight-caret-row"/>
    <fontcolor name="url" underline="ff4e5d93"/>
    <fontcolor bgColor="black" foreColor="fff8f8f0" name="default">
        <font name="Monospaced" size="13"/>
    </fontcolor>
    <fontcolor foreColor="ff49483e" name="code-folding-bar"/>
    <fontcolor foreColor="pink" name="entity-reference"/>
    <fontcolor foreColor="ff75715e" name="comment">
        <font style="italic"/>
    </fontcolor>
    <fontcolor name="local-variable"/>
    <fontcolor name="guarded"/>
    <fontcolor foreColor="ffae81ff" name="identifier"/>
    <fontcolor name="separator"/>
    <fontcolor foreColor="ffe6db74" name="markup-attribute"/>
    <fontcolor foreColor="fffd971f" name="nbeditor-bracesMatching-sidebar"/>
    <fontcolor name="text-limit-line-color"/>
    <fontcolor foreColor="orange" name="markup-element"/>
    <fontcolor foreColor="orange" name="hyperlinks" underline="yellow"/>
    <fontcolor foreColor="red" name="status-bar-bold"/>
    <fontcolor name="status-bar"/>
    <fontcolor name="private"/>
    <fontcolor name="protected"/>
    <fontcolor foreColor="ff996600" name="synchronized-text-blocks-ext-slave"/>
    <fontcolor default="string" name="markup-attribute-value"/>
    <fontcolor name="constructor"/>
    <fontcolor name="abstract"/>
    <fontcolor bgColor="red" name="deprecated" strikeThrough="darkGray"/>
    <fontcolor bgColor="fffd971f" name="block-search"/>
    <fontcolor bgColor="ff3f1c18" name="error"/>
    <fontcolor foreColor="fff92672" name="keyword">
        <font style="italic"/>
    </fontcolor>
    <fontcolor name="interface"/>
    <fontcolor bgColor="ff3c3d37" foreColor="fffd971f" name="selection"/>
    <fontcolor name="operator"/>
    <fontcolor name="field"/>
    <fontcolor bgColor="ffe6db74" foreColor="ff272822" name="inc-search"/>
    <fontcolor foreColor="ffe6db74" name="string"/>
    <fontcolor bgColor="ff8b0807" name="nbeditor-bracesMatching-mismatch-multichar"/>
    <fontcolor foreColor="ffa6e22e" name="method"/>
    <fontcolor foreColor="fffd971f" name="nbeditor-bracesMatching-match"/>
    <fontcolor foreColor="fff92672" name="public"/>
    <fontcolor bgColor="ff2a2815" name="warning"/>
</fontscolors>
